sequence,class,,
KWKLFKKIPKFLHLAK,inactive - exp,,
FAKKLAKLALKLAKL,mod. active,,
DPAWQGFRELIEKAL,inactive - virtual,,
FALALKALKKAL,inactive - exp,,
TIQSRFNYAWGLIKS,inactive - virtual,,
SEEEENNVIEQAKEEIKEAIKKADET,inactive - virtual,,
RILQWIIRLLLIVWW,inactive - virtual,,
WKKIPKFLHLAKKF,inactive - exp,,
FALALKALKKL,inactive - exp,,
VNFLVADALKQHRHRRDDVIVMLSAR,inactive - virtual,,
NTEKLLKTVPIIQNQMDALLD,inactive - virtual,,
KWKLFKKIGIGKFLHSAKKF,mod. active,,
FAKKALKALKKL,inactive - exp,,
FALALKKALKALKKAL,mod. active,,
IASEFKNIATNS,inactive - virtual,,
DPYVILITEILL,inactive - virtual,,
QDLLDRVLAAHAYWSQ,inactive - virtual,,
GLFDIAKKVIGVIGSL,mod. active,,
DEPQVQAKIMAYLQQEQSNR,inactive - virtual,,
DAENRDLFLALLSV,inactive - virtual,,
SRPLHISTFINELDSGFRLL,inactive - virtual,,
EDLPKWSGYFEKLLKKN,inactive - virtual,,
KFLTKLKNIVANIRIWWVILL,inactive - virtual,,
SWQSLKDRYLKHL,inactive - virtual,,
KFLKKWEGIWATFKPALSAVV,inactive - virtual,,
RKQSLEQDLQFYYG,inactive - virtual,,
GFMIWHPKMDEYMEEIDGYLDEMSERLITL,inactive - virtual,,
PGRIQRVARGS,inactive - virtual,,
KREVQNAILTGIQLDKLAED,inactive - virtual,,
HVVDEKARLIYED,inactive - virtual,,
GLFDVIKKVASVIKGL,mod. active,,
NAKYVAEATGNFITVMDALKL,inactive - virtual,,
EGDQQLLKRVLVRKL,inactive - virtual,,
QRAFLKLYMITMTE,inactive - virtual,,
FNQRRISSAKFLGELYNY,inactive - virtual,,
FAKKLAKLAKKLAKLALAL,mod. active,,
GKSNMMDAISFVL,inactive - virtual,,
QIKQTNAGAVYRLIDQLG,inactive - virtual,,
SESKLIEQAFR,inactive - virtual,,
LDAYINLGNVLKEA,inactive - virtual,,
PLEELFLEQLEA,inactive - virtual,,
RLLGKWSAILKNVRFFFFWL,inactive - virtual,,
PLGRLIHMVNQKKDRLLNEYLS,inactive - virtual,,
EKETFREKFMQH,inactive - virtual,,
KKQELLEALTKHFQ,inactive - virtual,,
DEETMERIMRELKKK,inactive - virtual,,
NINELFIEISRRI,inactive - virtual,,
DLGRKITSALRSLSN,inactive - virtual,,
LQWYVSEQHEEEALFRGIVDKIKLIG,inactive - virtual,,
APDLLISLATVLYHLQQ,inactive - virtual,,
FLGMIPKLIKKLIKAFK,very active,,
ESFSDWWKLLAE,mod. active,,
SVRKVFHLVRIKQVAWANEG,inactive - virtual,,
NILKQIFKLLQA,inactive - virtual,,
NYEKFSETKERLLEKF,inactive - virtual,,
SGRFWKLYIEAEIKA,inactive - virtual,,
NLESEIHTVLKHLVENN,inactive - virtual,,
GFYPMVAAQRI,inactive - virtual,,
EIEKFRVWISIL,inactive - virtual,,
DEAGLMRELRLFRRRIMVRIAWAQTL,inactive - virtual,,
HWDKVADMVANFAHEIDTYG,inactive - virtual,,
MLEEYRKHVAERAAE,inactive - virtual,,
SRPLHISTFINELDSGFRLL,inactive - virtual,,
IKPLNNFAAEVGKIRDS,inactive - virtual,,
FPNLASAAFYWSKKEN,inactive - virtual,,
GLFDVIKKVASVIGGL,mod. active,,
ALAVAAKPFL,inactive - virtual,,
KWKLFKKALKKLKKALKKAL,mod. active,,
LQNAIIEFYTEYY,inactive - virtual,,
FAKKLAKKLL,mod. active,,
NGLEVVKALAQG,inactive - virtual,,
KWFKKIPKFLHLAKKF,mod. active,,
AEKAKYDEIFLKT,inactive - virtual,,
LPHFYELFSLWA,inactive - virtual,,
FLLKKLKKVATGFAKG,inactive - virtual,,
SSAVSRIISKLKQ,inactive - virtual,,
QDELVWGAYWLYKAT,inactive - virtual,,
KTASTGFAELLKDRREQV,inactive - virtual,,
DIIGTEITSALKNVYSIAIAWIRGYESRKN,inactive - virtual,,
SRKALTEGNIMAVQAMAYFKELIQKRKRH,inactive - virtual,,
ASLPEAIEALTKG,inactive - virtual,,
PVSDTMDMLTKL,inactive - virtual,,
NLFPIVFGVIFDA,inactive - virtual,,
LMEPVREAAGRLADA,inactive - virtual,,
TPWSKGFLASSYASR,inactive - virtual,,
SLLPTLSAIAEL,inactive - virtual,,
FAKIIAKIAKIAKKIL,inactive - exp,,
TAEQRREMLEAKRKQIINFISRN,inactive - virtual,,
YGSIGLTNFGYLDKE,inactive - virtual,,
SAVKVLAEESK,inactive - virtual,,
DERLLQKYRAQVFEWG,inactive - virtual,,
TKGEREMIVVATSAAN,inactive - virtual,,
FAKKLAKKLKKLAKKLAKLAKKL,mod. active,,
VMGQNLILNMND,inactive - virtual,,
PSDQQNEMVRE,inactive - virtual,,
FAKFLAKFLKKAL,mod. active,,
KTFRTTFKTLL,inactive - virtual,,
KKQELLEALTKHFQ,inactive - virtual,,
SPEEAAALVDGLR,inactive - virtual,,
RFLIRVYHPLLLKVL,inactive - virtual,,
SRAKASFDTRVAAAELALNR,inactive - virtual,,
GFKNEVRTPVTKFRIVFFVV,inactive - virtual,,
KYKKALKKLAKLL,inactive - exp,,
GIGKFLKKAKKFGKAFVKILKK,mod. active,,
LVLPIAQALKVLG,inactive - virtual,,
GAFRKLLQSAKDN,inactive - virtual,,
DIRAVLRDLSFHLNGHILHSIFWPNM,inactive - virtual,,
NPERVLLQLKYRYDVEI,inactive - virtual,,
RLFEQASRLAEHY,inactive - virtual,,
NQDELEGYNLFKGSG,inactive - virtual,,
FAKKLAKLAKKLLAL,mod. active,,
SGARRVRIAQTLTEN,inactive - virtual,,
FAKLLAKLAKLKL,inactive - exp,,
VALALKALKKLAKKLKKLAKKAL,mod. active,,
AEGEREARVFTLWLNSL,inactive - virtual,,
PSALIDQEINVLRQQAAQRF,inactive - virtual,,
DIRTSLANDMAIYGDIIEATREHTELAENL,inactive - virtual,,
SAAWAEWQKAR,inactive - virtual,,
NKDQWEERIQVWHEEH,inactive - virtual,,
AIEKEILIEAISS,inactive - virtual,,
GLFDKVKSLVPKIAKAV,inactive - virtual,,
SANNIIEEIQMQK,inactive - virtual,,
FAKLLAKLAKKAL,inactive - exp,,
NNAITKGFTALEKLLV,inactive - virtual,,
AASQRKLIAEKFAQALMSSL,inactive - virtual,,
LEEFDKVSKNVD,inactive - virtual,,
DEKSIITYVSSLYDAM,inactive - virtual,,
FAKLLAKALKKFL,mod. active,,
PKAYAQHVFRS,inactive - virtual,,
IGVQQHADKVQRALGEAIDD,inactive - virtual,,
DQEDVAQTIRDYD,inactive - virtual,,
FAKKLAKKLAKLAL,inactive - exp,,
GYKKVSKSYTGEWKKYLNSL,inactive - virtual,,
PSFFRLHKYMDNIFKKHTD,inactive - virtual,,
EKNSYRKLVGNLYFVYSAMEEEMAKF,inactive - virtual,,
DQHLMAEYRELPRVFGAVRKHVANG,inactive - virtual,,
GHNLISLLEVLSG,inactive - virtual,,
SVEKKVPLLHNFHSFL,inactive - virtual,,
EDMIFEIFKNYLTKVAYYARQVAEMN,inactive - virtual,,
PIKFIRKA,inactive - virtual,,
TLEDYVRYVTLDM,inactive - virtual,,
DQGTLFELILAANYLD,inactive - virtual,,
LMGHQKKILGSIQTMRAQLT,inactive - virtual,,
GKDAAAEEISQLLYHVQVMMVARG,inactive - virtual,,
GAQYIQAAGVALGLKMR,inactive - virtual,,
SPEHRQELIER,inactive - virtual,,
TDKQFENRLNDNLEELIQ,inactive - virtual,,
TKIWLNAARRTGKVPARIRKL,inactive - virtual,,
KPEQYNIVGEHLLATLDEMFS,inactive - virtual,,
TPETITHYLETVNHAM,inactive - virtual,,
DLARIEQFLDALWLE,inactive - virtual,,
SVTELITKAVSA,inactive - virtual,,
TPQDIADRERIFKRFD,inactive - virtual,,
TAAQELMIQQLVAAQLQ,inactive - virtual,,
HPFYQALGQLARLTLAQWQAQL,inactive - virtual,,
NTPEAYSVLFDMAREVNRLKAED,inactive - virtual,,
EPGQRKIVMHK,inactive - virtual,,
AEKAKYDEIFLKT,inactive - virtual,,
NINELFIEISRRI,inactive - virtual,,
KVVDNFENILII,inactive - virtual,,
DNTYLNTAESLYDEF,inactive - virtual,,
NVKDVTKLVAN,inactive - virtual,,
PEKEAVTLGIKALKSSL,inactive - virtual,,
FALAKLAKKAKAKLKKALKAL,mod. active,,
ILPWKWPWWPWRR,inactive - exp,,
FAKLLAKLAKKVL,mod. active,,
SAATADFVAMTAMAARIF,inactive - virtual,,
HLDLINMMSRLAREELVHHEQVLRLMKRR,inactive - virtual,,
RAGLQFPVGRLLRRLLRRLLR,very active,,
SMDHRIERLEYYIQLLVK,inactive - virtual,,
DEVLLALAEQLGT,inactive - virtual,,
DAHAWMIGQLKGL,inactive - virtual,,
EGQQRRIRQQRLISIGKWIADNQ,inactive - virtual,,
FALAKLAKKAKAKLKKALKAL,mod. active,,
NGETFLTELLD,inactive - virtual,,
ILPWKWPWWPWRR,mod. active,,
SEAAKAYMKGLEYQMSGNEQWSKT,inactive - virtual,,
VGVLLQLLVQA,inactive - virtual,,
NLNQSIDNFVNMAFFA,inactive - virtual,,
KWKSFLKTFKSLKKTVLHTALKAISS,very active,,
TPEVVKERLLS,inactive - virtual,,
PKPLVSFFQSLLQLVNHDLLEQQN,inactive - virtual,,
PLEELFLEQLEA,inactive - virtual,,
PLTKGILGFVFTLT,inactive - virtual,,
FKVKFKVKVK,inactive - exp,,
KWKLF,inactive - exp,,
GIGKFLKKAKKFAKAFVKIINN,very active,,
SESAVSHQLRSLRNL,inactive - virtual,,
FAKKLAKLAKKL,inactive - exp,,
VMELLTKTLGWDIQEELNKLT,inactive - virtual,,
LHDAIHMAADNAV,inactive - virtual,,
DRASYEARERHVAERLLMHLEEM,inactive - virtual,,
FAKKLAKKLL,inactive - exp,,
FALAAKALKKLAKKLKKLAKKAL,mod. active,,
SRWGVLILVAL,inactive - virtual,,
EDDSKLASRKYARIIQKI,inactive - virtual,,
SPEQMQVLLDQAG,inactive - virtual,,
QLLRGVGAAATAVTQALNELLQHVKA,inactive - virtual,,
KEDIHRSLVEELTKISAKEK,inactive - virtual,,
TSHLMGMFYRTIRMMEN,inactive - virtual,,
IEEATEFYENDV,inactive - virtual,,
FKATIADLSKKR,inactive - virtual,,
PQSYAMAIARQESA,inactive - virtual,,
KWKSFAKTFKSAKKTVLHTALKAISS,inactive - exp,,
DMASLQQQRQE,inactive - virtual,,
GLFDIVKKIAGHIASSI,mod. active,,
VNQFLDYLQEFLGVMNT,inactive - virtual,,
RMDEVRTLQENLRQLQDEYDQQQT,inactive - virtual,,
VIDPLHTHLTRLVAAYTG,inactive - virtual,,
ALYGLLKEEMGEILAK,inactive - virtual,,
GLFDVIKKVASVIKGL,mod. active,,
SDEFNTVADNLVTFGDSFLQVILDHI,inactive - virtual,,
DDADLEKFVIEY,inactive - virtual,,
KWKLFKKIPLAKKF,inactive - exp,,
KWKSFLKTFKSLKKTVLHTLLKLISS,mod. active,,
KEDIHRSLVEELTKISAKEK,inactive - virtual,,
MEKLNQLWEKAQRLH,inactive - virtual,,
KGQEYINNIHL,inactive - virtual,,
TEVYQILNRVS,inactive - virtual,,
DIRAVLRDLSFHLNGHILHSIFWPNM,inactive - virtual,,
PWTQRFFESFG,inactive - virtual,,
VDDNLYPQLERASRKIFEFLERE,inactive - virtual,,
TFPEWHRLYTVQFEDALRRH,inactive - virtual,,
DTAFLMEQLELREELDEIEQAK,inactive - virtual,,
KLKELALIFISNLVAN,inactive - virtual,,
TIVELVVRVWRWFLVIWVLW,inactive - virtual,,
PSVVANTVKGG,inactive - virtual,,
AEGVATADPLMRLAKQLK,inactive - virtual,,
HSDWISNANKVRVIYWQMT,inactive - virtual,,
GEKRAEEIKKILMT,inactive - virtual,,
KLKELALIFISNLVAN,inactive - virtual,,
DNVVLQLQVARFLMKTVAQ,inactive - virtual,,
KWKLFKKIGAVLKVL,mod. active,,
TRELAYMIKKA,inactive - virtual,,
KHHAAYVNNLNNALKK,inactive - virtual,,
SRAKASFDTRVAAAELALNR,inactive - virtual,,
SPAVQMKIKELYRRR,inactive - virtual,,
GVSGLAAARQLQSF,inactive - virtual,,
DPQKRAVVNQRLYFDMGT,inactive - virtual,,
NKQADSIKQMEERNKKRVENFKKTG,inactive - virtual,,
FKLAFKLAKKAFL,inactive - exp,,
ASLPEAIEALTKG,inactive - virtual,,
RPRIIAAIWHYVKAR,inactive - virtual,,
DELLSKMRFAL,inactive - virtual,,
FAKLLAKALKLKL,inactive - exp,,
LKKLAKLALAF,inactive - exp,,
FHSVAEQF,inactive - virtual,,
TYYAKDIAFQFWKM,inactive - virtual,,
SDIKKLGSSWIINWFFG,inactive - virtual,,
PTLLDLFAEDIGHANQLLQLVDEEFQALER,inactive - virtual,,
HFGSLLLLAAWLAEN,inactive - virtual,,
YKEPLKAVVKKLLEKE,inactive - virtual,,
APDAEGRAIQAVYWANKWAKEQG,inactive - virtual,,
FADLFDPVIQERH,inactive - virtual,,
DEAAFQKLMSNLD,inactive - virtual,,
FAKKFAKKFKKFAKKFAKFAFAF,mod. active,,
ERQEVKQMVVATLAES,inactive - virtual,,
DALEIFKTLFSLVMRFSSYL,inactive - virtual,,
SDSEISTILSDVVTNER,inactive - virtual,,
GLGLVLKIAVNAFLKLVA,inactive - virtual,,
VAKFLAKFLKKAL,inactive - exp,,
TFPDKALKGKKSIENIVV,inactive - virtual,,
NYAHLNRGIALYYG,inactive - virtual,,
WKKIPKFLHLLKKF,very active,,
DALEIFKTLFSLVMRFSSYL,inactive - virtual,,
NREANLQALIATG,inactive - virtual,,
TPEKRVDRIFAMMD,inactive - virtual,,
GLFDVIAKVASVIKKL,mod. active,,
DEFTKQHIVGK,inactive - virtual,,
TQGMQNAMGERFAQYALSSEKLY,inactive - virtual,,
TPERLEKLVKEVL,inactive - virtual,,
IAMVNGLMGVLDKLAHLIDE,inactive - virtual,,
LLPALLQQIGREN,inactive - virtual,,
SFSRIISELGTRD,inactive - virtual,,
EFPEMLAEIIT,inactive - virtual,,
HFGSLLLLAAWLAEN,inactive - virtual,,
DHAVLEVLATPVREALLARFG,inactive - virtual,,
ARDEAEMEYLKIAQ,inactive - virtual,,
TMVQAITDALRIELKND,inactive - virtual,,
IMELLGTVIQHEGIHQGQYYVALKQSG,inactive - virtual,,
PDYREVMETFQE,inactive - virtual,,
SAATADFVAMTAMAARIF,inactive - virtual,,
DGALKRAEELKTQANDYFK,inactive - virtual,,
HALRTIVFELLTRH,inactive - virtual,,
NDAEVKKIAAQYGKD,inactive - virtual,,
ESPVRKILRIVFHDAI,inactive - virtual,,
GLFAVIKKVAKVIKKL,very active,,
TEQNFQLAKQIQSQWKEFG,inactive - virtual,,
IPAVANWIKRR,inactive - virtual,,
GFMIWHPKMDEYMEEIDGYLDEMSERLITL,inactive - virtual,,
KWKSFLKTFKSLKKTVLHTLLKAISS,very active,,
NRKMAMGRKKFNMD,inactive - virtual,,
KVRGLIEIISN,inactive - virtual,,
EGNKRLDSVNSIVS,inactive - virtual,,
RRRRRNWMWC,mod. active,,
SKPIQNVESGFIFALVS,inactive - virtual,,
FAKKLKKLAKLAKKL,inactive - exp,,
FAKKLAKKLKKLAKKLAK,inactive - exp,,
PALDILKALVDNLYVEN,inactive - virtual,,
KSEALAKMWGQRK,inactive - virtual,,
GEAEIASLKSQIRA,inactive - virtual,,
TITEMVFLAEVYKSGG,inactive - virtual,,
LPIHYKLSQEFFLKAYEN,inactive - virtual,,
TNDEIFSILKD,inactive - virtual,,
KYDHFAGRAYVRLHQD,inactive - virtual,,
KLALKLALKALKAAKLA,inactive - exp,,
SSREWFSTLYRLFIG,inactive - virtual,,
DFPALIKQASLDALFK,inactive - virtual,,
RIWARLQGVFRVVFWL,inactive - virtual,,
IDDSVNNLIPFMQKH,inactive - virtual,,
MPGTATHTVKMFS,inactive - virtual,,
NIEQLWRDYNKYEEGIN,inactive - virtual,,
SVEGLQEFVKNLVGYYI,inactive - virtual,,
FAKLLAKLAKKLL,mod. active,,
PQYSQARVMLVKTISMISIVDDTFDA,inactive - virtual,,
EQEILRQVKKAYDRAARLG,inactive - virtual,,
QDLLDRVLAAHAYWSQ,inactive - virtual,,
KLEEKFPQVAAT,inactive - virtual,,
KKKFPWWWPFKKKCKKKFPWWWPFKKKC,very active,,
EVNRNFGERINDLRILILLL,inactive - virtual,,
RFLIRVYHPLLLKVL,inactive - virtual,,
EVKRRFPTKLGAWALIWWLL,inactive - virtual,,
REEEKEALRFAEAQ,inactive - virtual,,
DLKRAESMLQQA,inactive - virtual,,
TISLGVSIAHVMEAVE,inactive - virtual,,
YFSKGIPNVLRR,inactive - virtual,,
FAKLLALALKLKL,mod. active,,
SKEDIDTAMKLGAG,inactive - virtual,,
KWKLFKKISKFLHLAKKF,very active,,
RDIPELAQLQSEILDAIW,inactive - virtual,,
STEVVALSRLQGSLQDMLWQLDLS,inactive - virtual,,
DPATVKKVVNFL,inactive - virtual,,
DAAGLASRHKG,inactive - virtual,,
DEKSIITYVSSLYDAM,inactive - virtual,,
FAKLLAKLAK,inactive - exp,,
DQQGVFVKGYAM,inactive - virtual,,
MEALKKQILQI,inactive - virtual,,
VGVLLQLLVQA,inactive - virtual,,
PNDMSRIFNIVKESL,inactive - virtual,,
HWDKVADMVANFAHEIDTYG,inactive - virtual,,
WALAL,inactive - exp,,
AAYATLYEALVLVATLAAP,inactive - virtual,,
PDFRKAFKRLL,inactive - virtual,,
SLPEMFDKMRPYYEESKKRVKE,inactive - virtual,,
SEELNSAWTIAYDELAIVIKKEMDDA,inactive - virtual,,
RVNAAIPNIIV,inactive - virtual,,
TAEQRREMLEAKRKQIINFISRN,inactive - virtual,,
NVKDLADAAKRT,inactive - virtual,,
QAGNYASMFWLT,inactive - virtual,,
DPLWKKEMFEKYLSN,inactive - virtual,,
KDTVIEDIIDKTFEEAD,inactive - virtual,,
FALALKALKKLAKKLKKLAKKAL,mod. active,,
KWKSFLKTFKSAKKTVAHTAAKAISS,inactive - exp,,
QFRRGANFKFELGEILEND,inactive - virtual,,
VAKLLAKLAKKLL,mod. active,,
TKDEQVEGLLA,inactive - virtual,,
GIGAVLKVLTTGLPALISWIKRKRQQ,very active,,
KWKLFAKIGIGKFLHLAKKF,very active,,
MWKWFHNVLSWWWLLADKRPARDYNRK,mod. active,,
EPGQRKIVMHK,inactive - virtual,,
NASRTVGVVAALL,inactive - virtual,,
EDNLLRQLAQKV,inactive - virtual,,
KLALKLALKALKAAKLA,inactive - exp,,
DLGRKITSALRSLSN,inactive - virtual,,
FAKLWAKLAFGKGIGKVGKKLL,mod. active,,
SAVKVLAEESK,inactive - virtual,,
FFSFELVESINDVKKSLR,inactive - virtual,,
GTTTAVIIAGGLLQQAQGLIN,inactive - virtual,,
GLFKVIKKVAKVIKKL,mod. active,,
DLVDFAVEYFTRLREARRGLEHHH,inactive - virtual,,
DLQLNANAERINVYY,inactive - virtual,,
RIENGLRKRLQSIYRHLEE,inactive - virtual,,
FALALKALKKAL,inactive - exp,,
FALALKLAKKL,inactive - exp,,
GLFDKVKSLVPKIAKAV,inactive - virtual,,
SPKESEVLRLFAEG,inactive - virtual,,
TEREQALAAYAEKLTRH,inactive - virtual,,
MPKWKVFKKIEKVGRNIRNGIVKAGPAIAVLGEAKALG,inactive - exp,,
SPEIASGLKKLIRE,inactive - virtual,,
LKRAEALIHLANAALE,inactive - virtual,,
FAKLLFKALKKAL,inactive - exp,,
KEEVQKVLEDA,inactive - virtual,,
WDDIRNDLFRIQNDLFVLGEDVST,inactive - virtual,,
QPNAILEKVFTA,inactive - virtual,,
FAKLLAKALKKAL,mod. active,,
AQTSRWAAMQIGMSFISAY,inactive - virtual,,
AFRHSVKEELNYIRRRLERFPNRL,inactive - virtual,,
DLARIEQFLDALWLE,inactive - virtual,,
LEPIKAWIEKR,inactive - virtual,,
GLWKSLGAVVKRVEGLWVGLF,inactive - virtual,,
EALVHKLTERM,inactive - virtual,,
DIYQQVRDELKRAS,inactive - virtual,,
QAGNYASMFWLT,inactive - virtual,,
QVIAKWGAWVKRIEAKFRSL,inactive - virtual,,
DRTSFDKLANS,inactive - virtual,,
DTRAWALAEKLFG,inactive - virtual,,
VSDARSAITSAQELLDS,inactive - virtual,,
FAKLF,inactive - exp,,
DFLEEQYKGQRDLAGKASTLKK,inactive - virtual,,
FAKKLAKKLAKAL,inactive - exp,,
GIGKFLKKAKKFGKAFVKILKK,inactive - exp,,
SGDELYELLQHILKQRDHHHHH,inactive - virtual,,
APLLNFVRDFVREDAKYLYSSLV,inactive - virtual,,
DMASLQQQRQE,inactive - virtual,,
EQPSLVRTLDQLEDK,inactive - virtual,,
SPEEKEEWMKSIKASISR,inactive - virtual,,
ERQEVKQMVVATLAES,inactive - virtual,,
FGLKVLGWYSEMKRNVQRLERAIEEV,inactive - virtual,,
HGLVKAGHPLKRKLGH,inactive - virtual,,
KWKLFKKKTKLFKKFAKKLAKKL,inactive - exp,,
KWKLAKKALALL,inactive - exp,,
REEIYQAFEAIYPVLSEF,inactive - virtual,,
RKQSLEQDLQFYYG,inactive - virtual,,
FAKLLFKALKKAL,inactive - exp,,
NSNHQMLLVQQAEDKIKELLNT,inactive - virtual,,
IHNVVGKL,inactive - virtual,,
QLVSFLIRLLKVWIRVVI,inactive - virtual,,
NLESEIHTVLKHLVENN,inactive - virtual,,
GLFKVIKKVAKVIKKL,mod. active,,
QGLAEKIFWSLK,inactive - virtual,,
GLGKIIGKVKKSLLKSI,inactive - virtual,,
DQGTLFELILAANYLD,inactive - virtual,,
NAAGWDLLLTLYRSA,inactive - virtual,,
SPAEVRDLDFANDASKVLGSIAGKLEK,inactive - virtual,,
GLFAVIKKVAAVIKKL,mod. active,,
VMELLTKTLGWDIQEELNKLT,inactive - virtual,,
IRVNATKAYEMAL,inactive - virtual,,
KPWLSVILFLIRERSR,inactive - virtual,,
GLGKIIGKVKKSLLKSI,inactive - virtual,,
KWKLFKKIPKFLHL,inactive - exp,,
FLKLLKKLAAKLF,very active,,
HVVDEKARLIYED,inactive - virtual,,
KWKLFKKIPKFLHSAKKF,mod. active,,
NLSTLAALVAAAG,inactive - virtual,,
RRRRRWCMNW,mod. active,,
DSGYRSAMSVQSSL,inactive - virtual,,
FAKLLAKLAKKIL,inactive - exp,,
DLEAKKMYFDAVQAIETHL,inactive - virtual,,
NSVLRAVAEVYA,inactive - virtual,,
LEQVEFKLNQLLENL,inactive - virtual,,
SPEEAAALVDGLR,inactive - virtual,,
TPSDIKELRDAMAKVQAD,inactive - virtual,,
DLRELIARVRALIRRKS,inactive - virtual,,
TGALRTQYDVSLMTVKS,inactive - virtual,,
QVIEVLNKQVADWSVLFTKLHNFHWYV,inactive - virtual,,
KVNRAVAAEIRNWTWVFLIW,inactive - virtual,,
ETFSDWWKLLAE,mod. active,,
MTDQQAEARAF,inactive - virtual,,
DATAALALTMA,inactive - virtual,,
FAKLLAKLAKKGL,inactive - exp,,
TPEEYQTYVAQVDK,inactive - virtual,,
VAKLLAKLAKKVL,inactive - exp,,
KWKLFKKIGIGAFLHSAKKF,mod. active,,
PTKEREQVIAHLGL,inactive - virtual,,
HSATRAAMLVRINT,inactive - virtual,,
TVFGTALNYVSLRIL,inactive - virtual,,
PIKFIRKA,inactive - virtual,,
ESPVRKILRIVFHDAI,inactive - virtual,,
AGNLDIMTSAALATAERMAQSMLN,inactive - virtual,,
GPKDAVVKVFNQWG,inactive - virtual,,
KPQERADLISYLKEATS,inactive - virtual,,
TEKGKEIFGEILSNFESLLKSVLEK,inactive - virtual,,
FLKLLAGLLKNFA,mod. active,,
DYERFKSYIQTL,inactive - virtual,,
QAKEVLKQHFEKS,inactive - virtual,,
EEMIAEFKAAFDMF,inactive - virtual,,
SKEEQRDYVFYLAVGNYRL,inactive - virtual,,
GLFDVIKKVASVIKKL,mod. active,,
EVVGRVSKLWNEWWLIV,inactive - virtual,,
EPEEVFKSVLKEMEG,inactive - virtual,,
HAHASAIAKAYASEIAFEAANQAIQIHG,inactive - virtual,,
FALALKALKK,inactive - exp,,
LGGIVSAVKKIVDFLG,mod. active,,
SEEYIQLLKKLI,inactive - virtual,,
KREIIHAVLTGLALDQLAEQ,inactive - virtual,,
NNAITKGFTALEKLLV,inactive - virtual,,
SKIQKELVAIMN,inactive - virtual,,
SQESINQLVYMG,inactive - virtual,,
KAAKKAWKAWKKAAKAAWKKAA,inactive - exp,,
HAHASAIAKAYASEIAFEAANQAIQIHG,inactive - virtual,,
FAKLFAKLAKKFAL,inactive - exp,,
QVTQELRALMDETMKELKAYKSELEE,inactive - virtual,,
GAFRKLLQSAKDN,inactive - virtual,,
KKAEAVATVVAAVDQARVR,inactive - virtual,,
TLDQMRSRLAYDG,inactive - virtual,,
SPEIASGLKKLIRE,inactive - virtual,,
MPEVFNYLGIYLTQA,inactive - virtual,,
KWWKKAAKAAKKAAKAAKKWA,mod. active,,
LKRAEALIHLANAALE,inactive - virtual,,
LPEDQELLFQSASLELFVLRLAYRA,inactive - virtual,,
AIGKFLHSAKKFGKAFVGEIMNS,mod. active,,
KWKLFKKIGAVLKVL,mod. active,,
FAKLLAKLAKKLL,very active,,
KKKFPWWWPFKKKCKKKFPWWWPFKKKC,very active,,
FVPVFFVVVRRR,inactive - virtual,,
VSDARSAITSAQELLDS,inactive - virtual,,
SKYRLTVVVAKRAQQLLRH,inactive - virtual,,
SNTELQAVDGRFKRAVASMEAARALTNN,inactive - virtual,,
TIEEFHSKLQEATN,inactive - virtual,,
KKVKGYKRALTE,inactive - virtual,,
GIGKFLHSAKKFGKAFVGEIMNS,mod. active,,
FLKLLAGLLKNFA,mod. active,,
KVWKGVKTIIADVWQV,inactive - virtual,,
NEYIMSLISDN,inactive - virtual,,
RNEVVSLMQANG,inactive - virtual,,
FSALNIAVHELSDVGRAIVRN,inactive - virtual,,
FKSVQNSLQRILYLWAIRH,inactive - virtual,,
FALRLRRVINRIGQAWR,inactive - virtual,,
DGFSVLMRAMQQ,inactive - virtual,,
KPQERADLISYLKEATS,inactive - virtual,,
SWQSLKDRYLKHL,inactive - virtual,,
DQNGEIYMWPVAQA,inactive - virtual,,
NLEQTARRWLEERG,inactive - virtual,,
TLEDYVRYVTLDM,inactive - virtual,,
IDDSVNNLIPFMQKH,inactive - virtual,,
FAKLLAKALKKLL,very active,,
SPAEVRDLDFANDASKVLGSIAGKLEK,inactive - virtual,,
RIENGLRKRLQSIYRHLEE,inactive - virtual,,
LQAPLQRRILEIGKKH,inactive - virtual,,
FAKKLAKLALKLAKL,inactive - exp,,
EELHTSLVEEL,inactive - virtual,,
QVIEVLNKQVADWSVLFTKLHNFHWYV,inactive - virtual,,
FAVGLRAIKRALKKLRRGVRKVAKDL,inactive - exp,,
FAKALAKLAKKLL,mod. active,,
PDIKAQYQQRWL,inactive - virtual,,
LRSWFRERLIAHRLASVNL,inactive - virtual,,
PALDILKALVDNLYVEN,inactive - virtual,,
DNKTRFKIIKEKLKEF,inactive - virtual,,
PTLLDLFAEDIGHANQLLQLVDEEFQALER,inactive - virtual,,
FAKKLAKKLKKLAKKLAKKWKL,mod. active,,
GIHELAVFAEEH,inactive - virtual,,
AGDVLHNVLQMLIIESHS,inactive - virtual,,
FSALNIAVHELSDVGRAIVRN,inactive - virtual,,
ALAVAAKPFL,inactive - virtual,,
SVEVAELWSTFMQKWIAYTAAVIDAERDR,inactive - virtual,,
SKDALMLEAFEQLLGKRRELLGE,inactive - virtual,,
SDELSRAWEVAYDELAAAIK,inactive - virtual,,
GEKRAEEIKKILMT,inactive - virtual,,
SPEVVVARGEQE,inactive - virtual,,
TPEEYQTYVAQVDK,inactive - virtual,,
KWKLFKKIPKFLH,inactive - exp,,
EIEKFRVWISIL,inactive - virtual,,
NVKDLADAAKRT,inactive - virtual,,
KKKFPWWWPFKKKKKKFPWWWPFKKKK,very active,,
NVKDVTKLVAN,inactive - virtual,,
GLFDVIKAVASVIGGL,mod. active,,
GLFDIVKKVVGAFGSL,mod. active,,
NPQVLADIGAEAT,inactive - virtual,,
GLFDIVKKIAGHIVSSI,mod. active,,
VMPSLLQAFDLTA,inactive - virtual,,
SAEEMVQTLVNDYSALIQELKEGMEVAGEA,inactive - virtual,,
FAKLA,inactive - exp,,
EGKDRELYGKLHETLKKVTEDLEA,inactive - virtual,,
EMNYYTVLFGVSRALGVLAQLIWSRAL,inactive - virtual,,
NLLYDIVKENG,inactive - virtual,,
EFRDLHLFLGEAAETAEEVADELAERVQAL,inactive - virtual,,
VAKKLAKLAKKLAKLALAL,inactive - exp,,
GLEKLEESIYRE,inactive - virtual,,
KWKVFKKIEKMGRNIRNGIVKAGPAIAVLGEAKAL,mod. active,,
FAKKLKKLAKLAKKL,inactive - exp,,
VHVLADAFKRYLLD,inactive - virtual,,
SEEYIQLLKKLI,inactive - virtual,,
TFPNWHRLLTKQMEDALVAK,inactive - virtual,,
NKEEMMDIVKAIYDMMG,inactive - virtual,,
LSTVSNFFMNA,inactive - virtual,,
DPQKRAVVNQRLYFDMGT,inactive - virtual,,
SEEEENNVIEQAKEEIKEAIKKADET,inactive - virtual,,
YAKGALQYLVPILTQTLT,inactive - virtual,,
HDLVTDGLITLYIETK,inactive - virtual,,
QDELVWGAYWLYKAT,inactive - virtual,,
QASTGSLLNILR,inactive - virtual,,
MTDQQAEARAF,inactive - virtual,,
DSVTNDIFNVAKASIEKHIWMLQAEL,inactive - virtual,,
AHAIGVLLDNL,inactive - virtual,,
SRDLQEKYERHMEKLIELANKEVERT,inactive - virtual,,
FALAKKALKKAKKAL,inactive - exp,,
NPGQAIWLGEFSKRH,inactive - virtual,,
TAPEMTALVGGMRVLG,inactive - virtual,,
NSNHQMLLVQQAEDKIKELLNT,inactive - virtual,,
VAKKLAKLAKKLAKLAL,mod. active,,
SKEDVERVKLRINLARNWVKKY,inactive - virtual,,
VAKKLAKLAKKLLAL,inactive - exp,,
TPETITHYLETVNHAM,inactive - virtual,,
SPEEKEEWMKSIKASISR,inactive - virtual,,
QEWVELMVEAKE,inactive - virtual,,
NKRAVDWAMRAAMAL,inactive - virtual,,
FNRMFEKSTHHYTDSVGGILR,inactive - virtual,,
YFSKGIPNVLRR,inactive - virtual,,
TPWSKGFLASSYASR,inactive - virtual,,
DPETNINIGTSYLQYVYQQF,inactive - virtual,,
KDTVIEDIIDKTFEEAD,inactive - virtual,,
NYEEIYILNHILR,inactive - virtual,,
GAPLARMEVTLALESLFGRF,inactive - virtual,,
FAKLLAKLAKKL,inactive - exp,,
PTKEREQVIAHLGL,inactive - virtual,,
EERVKNGLERLKKAIKSGKQST,inactive - virtual,,
SPSKSLQMILRRALGDFENMLAD,inactive - virtual,,
AEGEREARVFTLWLNSL,inactive - virtual,,
FPLLVDHTSREADYFRKRLIQLNEG,inactive - virtual,,
EPEKVDKLQEPLLEALRLYARRRR,inactive - virtual,,
FAKALAKLAKKLL,mod. active,,
FAKLLAKLAKAKL,inactive - exp,,
SLKDQLALAIGKLG,inactive - virtual,,
KYDHFAGRAYVRLHQD,inactive - virtual,,
NQRALLKSLQDYRQHLDQLITLISN,inactive - virtual,,
DVLAEDTITALLH,inactive - virtual,,
FAKKLAKLAKKLAKLAL,very active,,
YPIVDAAMRQLTETG,inactive - virtual,,
DPKRLQASLQTIVGMVVYSW,inactive - virtual,,
AGNLDIMTSAALATAERMAQSMLN,inactive - virtual,,
QAKEVLKQHFEKS,inactive - virtual,,
DLESDALGWQYITG,inactive - virtual,,
PEALTVAATEVRRIRDRAIQSDAQVAPMTT,inactive - virtual,,
WFKKIPKFLHLAKKF,mod. active,,
KVSDILTVAIRLEEEGERFYRELS,inactive - virtual,,
KEEVQKVLEDA,inactive - virtual,,
RLWTQWQAIVQEIRFLWLLL,inactive - virtual,,
GEAYLLLERYVAFLRA,inactive - virtual,,
GLFDVIKAVASVIGGL,mod. active,,
VFWPTMLKAAG,inactive - virtual,,
SDEFNTVADNLVTFGDSFLQVILDHI,inactive - virtual,,
SNTELQAVDGRFKRAVASMEAARALTNN,inactive - virtual,,
FALLKALLKKAL,inactive - exp,,
SPEQMQVLLDQAG,inactive - virtual,,
KQAEAEEFVQTLGQSLA,inactive - virtual,,
TFPEWHRLYTVQFEDALRRH,inactive - virtual,,
AIEKEILIEAISS,inactive - virtual,,
SYKDLFLELYGKIKD,inactive - virtual,,
FAKLLAKALKKAL,mod. active,,
DAMLRTSMVATQLVGLAMMRYV,inactive - virtual,,
FAKLAKKALAKLL,inactive - exp,,
DLRELIARVRALIRRKS,inactive - virtual,,
SKYRLTVVVAKRAQQLLRH,inactive - virtual,,
LPKWKVFKKIEKVGRNIRNGIVKAGPAIAVLGEAKALG,mod. active,,
TPDQQTLLHFIMDSYN,inactive - virtual,,
EWQTMVAALQA,inactive - virtual,,
EDNLLRQLAQKV,inactive - virtual,,
PSSQIVGTQAVFNVMMG,inactive - virtual,,
FAKKLAKKLKKLAKLALAK,mod. active,,
GLFAVIKKVASVIKKL,mod. active,,
KAAKKAWKAAKKAAKWWKKAA,inactive - exp,,
SLAEALGWLFVSEGS,inactive - virtual,,
KWKSFLKTFKSAKKTVLHTLLKAISS,mod. active,,
DDETLGVLMWILDRSIH,inactive - virtual,,
DSGYRSAMSVQSSL,inactive - virtual,,
EDLPKWSGYFEKLLKKN,inactive - virtual,,
TKDEFMSGEPIFTKYFQNLV,inactive - virtual,,
KNIKRNVEKIIAQWDERTRK,inactive - virtual,,
GFFGWFNRMFEKSTHHYTDSVGGI,inactive - virtual,,
SFADFKAQFTDAAIKN,inactive - virtual,,
TQAQETQGQAAARAAAADLAAG,inactive - virtual,,
SSQNWQRFYQLTKLLDSMHEVVENLL,inactive - virtual,,
FALRLRRVINRIGQAWR,inactive - virtual,,
TDLEILALLIAALSH,inactive - virtual,,
RPEDKSKIVAEIR,inactive - virtual,,
KQLIRFLKRLDRNGGGKLlLKlLkkLLKlLKKK,mod. active,,
TEREQALAAYAEKLTRH,inactive - virtual,,
GLFDIVKKIAGHIAGSI,mod. active,,
QFSRQMLDRKLLLG,inactive - virtual,,
IDDLRVIARENLERRRK,inactive - virtual,,
PQYALELLTVYAWEQGS,inactive - virtual,,
KVAEFERLFRQAAG,inactive - virtual,,
SLAEALGWLFVSEGS,inactive - virtual,,
VRRFPWWWPFLRR,inactive - exp,,
GAGTSVNMNTNEVLANIGLELM,inactive - virtual,,
SRAITQYIAHR,inactive - virtual,,
SKPIQNVESGFIFALVS,inactive - virtual,,
SHAQDIYKEAFNSAWDQY,inactive - virtual,,
DIHAAIEMLLG,inactive - virtual,,
EVVGRVSKLWNEWWLIV,inactive - virtual,,
FAKLLAKLAKKSL,inactive - exp,,
GGFAAAIARRA,inactive - virtual,,
LEPIKAWIEKR,inactive - virtual,,
RGQLIREAYED,inactive - virtual,,
GLFAVIKKVAKVIKKL,mod. active,,
RPEVQDALSAE,inactive - virtual,,
HDKHIEIVVRQM,inactive - virtual,,
HQAAMQMLKETINEEAAEWDRLH,inactive - virtual,,
DIFDFMERWIEKKLEYSASH,inactive - virtual,,
VHVLADAFKRYLLD,inactive - virtual,,
SVLENHHLAVGFKL,inactive - virtual,,
DIYQQVRDELKRAS,inactive - virtual,,
NPARALYQTVRELIENSLDA,inactive - virtual,,
GKASLRAAELYSKY,inactive - virtual,,
DWGEAFTAINL,inactive - virtual,,
NIPKHTHRFFILVLEI,inactive - virtual,,
NSSDSIDWLTSM,inactive - virtual,,
VADPVAAFKWRAQ,inactive - virtual,,
VMQWVIRILGGGLQKAL,inactive - virtual,,
DLAANNGGWQWS,inactive - virtual,,
PGLRRAWKRLQ,inactive - virtual,,
GLFKVIKKVASVIGGL,mod. active,,
SHAQDIYKEAFNSAWDQY,inactive - virtual,,
SLEQQFSIRSFATQVQNM,inactive - virtual,,
FAKLLAKLAKLKL,inactive - exp,,
EESDIKYKTSKNFINKVY,inactive - virtual,,
FAKKLAKLAKKALAL,inactive - exp,,
GSDFLIHFIDE,inactive - virtual,,
KEEGYFYFRSRLSQ,inactive - virtual,,
VKYAVFEAALTKAITAMSEVQKVSQ,inactive - virtual,,
FEVIDTIKAAVENA,inactive - virtual,,
SPSKSLQMILRRALGDFENMLAD,inactive - virtual,,
TQDLRSHLVHKLVQAIF,inactive - virtual,,
SVRKVFHLVRIKQVAWANEG,inactive - virtual,,
RVWRWIVKWWLFV,inactive - virtual,,
YLADLFLAPQIHGAINRFQ,inactive - virtual,,
DLKQAESWLHKQAQKEGWSKAARLH,inactive - virtual,,
DAAGLASRHKG,inactive - virtual,,
GTLRHAANAAFIMLEAAEL,inactive - virtual,,
NTDTLERVTEIFKALG,inactive - virtual,,
DPTKLNHAVAGL,inactive - virtual,,
YKKFRQLIQVN,inactive - virtual,,
DPLWKKEMFEKYLSN,inactive - virtual,,
FTELQRDFLRN,inactive - virtual,,
FLKLLKKLAAKFLPTIICKISYKC,mod. active,,
DRTSFDKLANS,inactive - virtual,,
KWKLFKKILKFLHLAKKF,very active,,
DDETLGVLMWILDRSIH,inactive - virtual,,
AKVVRTALEDAASVAGLLIT,inactive - virtual,,
KREVQNAILTGIQLDKLAED,inactive - virtual,,
KLlLKlLkkLLKlLKKK,mod. active,,
VALALKALKKALKKLKKALKKAL,inactive - exp,,
EDMIFEIFKNYLTKVAYYARQVAEMN,inactive - virtual,,
TKGEREMIVVATSAAN,inactive - virtual,,
TLDQMRSRLAYDG,inactive - virtual,,
KDAENHKAYLKSH,inactive - virtual,,
KEIAEKMVEGRMKKFTGEV,inactive - virtual,,
KSEALAKMWGQRK,inactive - virtual,,
PKPLVSFFQSLLQLVNHDLLEQQN,inactive - virtual,,
DEKKILKDFLIQ,inactive - virtual,,
KWKLFKKKTKLFKKFAKKLAKKL,mod. active,,
NSVLRAVAEVYA,inactive - virtual,,
DQHLMAEYRELPRVFGAVRKHVANG,inactive - virtual,,
LHDAIHMAADNAV,inactive - virtual,,
PWTQRFFESFG,inactive - virtual,,
TEAKKEELLRKLNILEVF,inactive - virtual,,
EQEILRQVKKAYDRAARLG,inactive - virtual,,
DSSVIISALKTYLVSG,inactive - virtual,,
PIEAFLRLNEELEERG,inactive - virtual,,
SPKESEVLRLFAEG,inactive - virtual,,
AAWKWAWAKKWAKAKKWAKAA,mod. active,,
GPKKAQLIVGWRELHG,inactive - virtual,,
DDYLKEQVLHMKQYVSDN,inactive - virtual,,
EESDIKYKTSKNFINKVY,inactive - virtual,,
FKGKIIKKVISTGAKLI,inactive - virtual,,
TRTQRRIAVVEFIFSLL,inactive - virtual,,
FKATIADLSKKR,inactive - virtual,,
IPAVANWIKRR,inactive - virtual,,
GLFAVIKKVAAVIRRL,mod. active,,
NIDEIERKIDEAIEKE,inactive - virtual,,
FTRIIKAAG,inactive - virtual,,
VGYETAAKLAREAYLTG,inactive - virtual,,
SASSQNAWLAANRN,inactive - virtual,,
FAKKLAKLAKKLAKLAL,mod. active,,
TQGMQNAMGERFAQYALSSEKLY,inactive - virtual,,
SDELSRAWEVAYDELAAAIK,inactive - virtual,,
DIRTSLANDMAIYGDIIEATREHTELAENL,inactive - virtual,,
GVSGLAAARQLQSF,inactive - virtual,,
TDLEILALLIAALSH,inactive - virtual,,
EDKEAVFDVVDTLTAVLQVATGVISTL,inactive - virtual,,
EDKEAVFDVVDTLTAVLQVATGVISTL,inactive - virtual,,
GKKGPKFIQAVASLKA,inactive - virtual,,
DFPALIKQASLDALFK,inactive - virtual,,
NYEKFSETKERLLEKF,inactive - virtual,,
RLKSGWRDALKQIVFFFFL,inactive - virtual,,
TEQDIIDLKFAIAD,inactive - virtual,,
RLVVLEALTNFLNH,inactive - virtual,,
QLLRGVGAAATAVTQALNELLQHVKA,inactive - virtual,,
NVGKAWAEDVLALVKH,inactive - virtual,,
TEVYQILNRVS,inactive - virtual,,
GIGKFLHSAKKFAKAFVAEIMNS,mod. active,,
HKEMAKAFEEW,inactive - virtual,,
QARVWVARAVSEHQRFTA,inactive - virtual,,
KWKLFKKIPKFLHLA,mod. active,,
KKKFPWWWPFKKK,mod. active,,
NAAGWDLLLTLYRSA,inactive - virtual,,
AWKKWAKAWKWAKAKWWAKAA,mod. active,,
DNVVLQLQVARFLMKTVAQ,inactive - virtual,,
FVPVFFVVVRRR,inactive - virtual,,
GEAEIASLKSQIRA,inactive - virtual,,
HKEMAKAFEEW,inactive - virtual,,
PIEAFLRLNEELEERG,inactive - virtual,,
DYERFKSYIQTL,inactive - virtual,,
DEQYREGAVRTVASFRERLDR,inactive - virtual,,
KKVKGYKRALTE,inactive - virtual,,
HPAFIAHADRVLGGLDIAIST,inactive - virtual,,
FALALKALKKLKKALKKAL,mod. active,,
PDIKAQYQQRWL,inactive - virtual,,
TPEEVKKHYEILVEDIKYIESG,inactive - virtual,,
GLFKLIKFAKKKSPGAF,inactive - virtual,,
QTREHLLLARQI,inactive - virtual,,
KVVDNFENILII,inactive - virtual,,
FAKLLAKLAKKL,mod. active,,
KLAKKLAKLAKLAKAL,mod. active,,
IRVNATKAYEMAL,inactive - virtual,,
TLIREWGDAVFDIF,inactive - virtual,,
VAKLLAKLAKKLL,mod. active,,
TGALRTQYDVSLMTVKS,inactive - virtual,,
TPLGIGITDYYIR,inactive - virtual,,
TAESFYNQGIRLSFEQWG,inactive - virtual,,
APEDVRKSSKEVL,inactive - virtual,,
LKYVGMVLNEALRLW,inactive - virtual,,
RLWTQWQAIVQEIRFLWLLL,inactive - virtual,,
VLSFKTGIISL,inactive - virtual,,
GKTTFVKRHLTG,inactive - virtual,,
DEKAFKNTYRQAMND,inactive - virtual,,
RRQELEEFSAALARR,inactive - virtual,,
ATLKNLGSVHVSKG,inactive - virtual,,
NPMIIEGQIHGGLTEGYAVAMG,inactive - virtual,,
NQDELEGYNLFKGSG,inactive - virtual,,
TPERLEKLVKEVL,inactive - virtual,,
MPGTATHTVKMFS,inactive - virtual,,
TFPNWHRLLTKQMEDALVAK,inactive - virtual,,
PLGRLIHMVNQKKDRLLNEYLS,inactive - virtual,,
SFDRVMNAIEEN,inactive - virtual,,
DFSETINAYFVAKLL,inactive - virtual,,
FAKKLLAKALKL,inactive - exp,,
TDKQFENRLNDNLEELIQ,inactive - virtual,,
KWKKFLKIGIGKFLHLAKKF,very active,,
FAKKLAKKLKKLAKKLAK,inactive - exp,,
DQEDVAQTIRDYD,inactive - virtual,,
GKDAAAEEISQLLYHVQVMMVARG,inactive - virtual,,
FAKALKALLKALKAL,mod. active,,
LEARMKQFKDMLLER,inactive - virtual,,
KIAKVALAKLGIGAVLKVLTTGL,inactive - exp,,
QLVSFLIRLLKVWIRVVI,inactive - virtual,,
NIDEIERKIDEAIEKE,inactive - virtual,,
DDYLKEQVLHMKQYVSDN,inactive - virtual,,
PDEVSALRRTTEKNTTTLINLAKQH,inactive - virtual,,
DGFSVLMRAMQQ,inactive - virtual,,
NPVLQQHFRNLEALAL,inactive - virtual,,
RFVPRWRTVVGQFKRDILVIFLW,inactive - virtual,,
DDETREELEELLIQA,inactive - virtual,,
SSQNWQRFYQLTKLLDSMHEVVENLL,inactive - virtual,,
QVIAKWGAWVKRIEAKFRSL,inactive - virtual,,
GNFADLLAHSDGLIKNISDDLRALDKLI,inactive - virtual,,
AVDTLVLALAEAT,inactive - virtual,,
GGFAAAIARRA,inactive - virtual,,
NRKMAMGRKKFNMD,inactive - virtual,,
SDIFNKNMRAHALEK,inactive - virtual,,
GLEKLEESIYRE,inactive - virtual,,
FKSIYRFFEHGLK,inactive - virtual,,
LPIHYKLSQEFFLKAYEN,inactive - virtual,,
DSVTNDIFNVAKASIEKHIWMLQAEL,inactive - virtual,,
FLGMIPGLIGGLISAFK,mod. active,,
TVFGTALNYVSLRIL,inactive - virtual,,
NKEEMMDIVKAIYDMMG,inactive - virtual,,
NTPEAYSVLFDMAREVNRLKAED,inactive - virtual,,
NLDSIQEELADVIAWTVSIANLEG,inactive - virtual,,
GWQNELLLLLRYLDEN,inactive - virtual,,
SKYLKSLLSLM,inactive - virtual,,
DLSASRSAIDSLNNRMLSQIWSH,inactive - virtual,,
FPQLTQNNSRE,inactive - virtual,,
TMVQAITDALRIELKND,inactive - virtual,,
LLTEVETYVLSI,inactive - virtual,,
GGSSGVLMSIFFTAAGQKLEQ,inactive - virtual,,
PLTKGILGFVFTLT,inactive - virtual,,
SPKSTYSYWASVLN,inactive - virtual,,
DLAANNGGWQWS,inactive - virtual,,
QARVWVARAVSEHQRFTA,inactive - virtual,,
FAKLLKLAAKKLL,inactive - exp,,
FALKALKKAL,inactive - exp,,
KLDSRFDNNLGKFRFVLLLFV,inactive - virtual,,
STLVQTPALRAVGNIV,inactive - virtual,,
VAKLLAKALKKLL,mod. active,,
NWDDMEKIWHHTFYN,inactive - virtual,,
ATLKNLGSVHVSKG,inactive - virtual,,
TDQQKVSEIFQSSKEKLQGDAKVVSDAFK,inactive - virtual,,
GIGAVLKVLTTGLPALISWIKRKRQQ,mod. active,,
SPVVIKKRIEGLIER,inactive - virtual,,
AEAHESIRLVFHDS,inactive - virtual,,
YLDKEVKLIKKMGNHLTNLRRVA,inactive - virtual,,
DIIGTEITSALKNVYSIAIAWIRGYESRKN,inactive - virtual,,
KKTAERLIVEMKDRFKG,inactive - virtual,,
NQPFALEMIKSRQKKD,inactive - virtual,,
GLFDVIAKVASVIKKL,mod. active,,
KWKSFLKTFKSLKKTVLHTALKAISS,very active,,
TIEEFHSKLQEATN,inactive - virtual,,
EQEVYAQVARL,inactive - virtual,,
GLFDIIKKIAESF,mod. active,,
NYEEIYILNHILR,inactive - virtual,,
DPAWQGFRELIEKAL,inactive - virtual,,
PEYEHLYTELTGTIVLLIES,inactive - virtual,,
TRELAYMIKKA,inactive - virtual,,
FAKLAKKALAKLL,inactive - exp,,
FAKLLAKLAKKAA,inactive - exp,,
RVIEGIKNVIPKLLTWWP,inactive - virtual,,
EDDIMYLM,inactive - virtual,,
DHAVLEVLATPVREALLARFG,inactive - virtual,,
FALLKALKKAL,inactive - exp,,
DEFTKQHIVGK,inactive - virtual,,
GYKKVSKSYTGEWKKYLNSL,inactive - virtual,,
DKETMNIHHTK,inactive - virtual,,
TQGLLSEILRK,inactive - virtual,,
AEHLAKAELTTVFSTLYQKF,inactive - virtual,,
DIFDFMERWIEKKLEYSASH,inactive - virtual,,
IHNVVGKL,inactive - virtual,,
FAKKLAKKLKKLAKKLAKKWKL,mod. active,,
NLFDHFSAVAQRL,inactive - virtual,,
HSRRGLLKMVGKRRRLLAYLRNK,inactive - virtual,,
DFAALAQTAHRLKGVFAMLN,inactive - virtual,,
DTMKDAGMQMKKVLDS,inactive - virtual,,
GSHANEFFFRA,inactive - virtual,,
DNKTRFKIIKEKLKEF,inactive - virtual,,
RILQWIIRLLLIVWW,inactive - virtual,,
GLFDIAKKVIGVIGSL,mod. active,,
FAKKLAKKLAKAL,inactive - exp,,
VAKKFAKKFKKFAKKFAKFAFAF,inactive - exp,,
KPQELLSLIIERFE,inactive - virtual,,
FPQLTQNNSRE,inactive - virtual,,
QFRRGANFKFELGEILEND,inactive - virtual,,
FNQRRISSAKFLGELYNY,inactive - virtual,,
FLKLLKKLAAKFLPTIICKISYKC,very active,,
GSDFLIHFIDE,inactive - virtual,,
EKETFREKFMQH,inactive - virtual,,
GFSVQRRLWLAS,inactive - virtual,,
FAKKLAKKLKKLAKKLIGAVLKV,mod. active,,
LEARMKQFKDMLLER,inactive - virtual,,
GLFDVIGSQAGGAAPHFLG,inactive - virtual,,
HMKMRSQLLIVLQEHLRN,inactive - virtual,,
TPEKRVDRIFAMMD,inactive - virtual,,
KWVRIWIKVLRGLFVWVWFF,inactive - virtual,,
KFLTKLKNIVANIRIWWVILL,inactive - virtual,,
KAAKKAWKAAKKAWKAAKKAA,mod. active,,
GKKGPKFIQAVASLKA,inactive - virtual,,
RDIPELAQLQSEILDAIW,inactive - virtual,,
GLTSLMAIDKL,inactive - virtual,,
PIAFIHKAI,inactive - virtual,,
SVNSEIYQRVMESFKKEG,inactive - virtual,,
NILKQIFKLLQA,inactive - virtual,,
ALYGLLKEEMGEILAK,inactive - virtual,,
LQNAIIEFYTEYY,inactive - virtual,,
DEETMERIMRELKKK,inactive - virtual,,
NKSVGAVYAILYLS,inactive - virtual,,
DLKRAESMLQQA,inactive - virtual,,
EGHVAAVEVLRGIHRIADMS,inactive - virtual,,
SVSRAAITAAY,inactive - virtual,,
PQHERDVIYEEES,inactive - virtual,,
SAEEMVQTLVNDYSALIQELKEGMEVAGEA,inactive - virtual,,
KWLRRVWRWWR,inactive - exp,,
LVGALMHVMQKRSR,inactive - virtual,,
GFSVQRRLWLAS,inactive - virtual,,
FAKKLAKKLAKLL,mod. active,,
LLNIRREFIEKY,inactive - virtual,,
FPNLASAAFYWSKKEN,inactive - virtual,,
GLNAELTRYTLSLMVLERKLSSA,inactive - virtual,,
YEDKAVELYSRTAR,inactive - virtual,,
KKEELQRSLNILTAF,inactive - virtual,,
PEDFANHLFTVFD,inactive - virtual,,
QHLAKLEMKIFFEEL,inactive - virtual,,
EGVAWLEAVLRLLAQ,inactive - virtual,,
AEGVATADPLMRLAKQLK,inactive - virtual,,
SPVVIKKRIEGLIER,inactive - virtual,,
KWKLFKKIGIGKFLHSATTF,mod. active,,
SVTKILQRFEDAGG,inactive - virtual,,
ALGKVIKKWGTTVAKLA,inactive - virtual,,
DSVASLLDVVKSTG,inactive - virtual,,
FAKLLAKLAKKGL,inactive - exp,,
AQTSRWAAMQIGMSFISAY,inactive - virtual,,
STLVSVAVALAAYKTG,inactive - virtual,,
KVRGLIEIISN,inactive - virtual,,
NSNTFLTRLLVHM,inactive - virtual,,
NSDQDAGIAIIRRAL,inactive - virtual,,
VAKLLAKLAKKVL,inactive - exp,,
FAKFLAKFLKKAL,mod. active,,
KWKLFKKIGIGKFLHSAKKF,mod. active,,
RFSGKVREDLTKIVWVFFW,inactive - virtual,,
GLWAIAVKAGKVILKLIVFIWIRV,inactive - virtual,,
ERVRAAMEKLA,inactive - virtual,,
NPEILLARVKRFLERE,inactive - virtual,,
NLVADMRFNVVRESEARLQVSRLYS,inactive - virtual,,
LLTEVETYVLSI,inactive - virtual,,
RHSDNINKFLDFIHGI,inactive - virtual,,
DRQLRSSIERVISIFQS,inactive - virtual,,
YLSESVETIKKLGDHITSLKKLW,inactive - virtual,,
TPVYRTAIRYYLQMLF,inactive - virtual,,
TPVYRTAIRYYLQMLF,inactive - virtual,,
YLADLFLAPQIHGAINRFQ,inactive - virtual,,
RAGLQFPVGRLLRRLLRRLLR,very active,,
SEELNSAWTIAYDELAIVIKKEMDDA,inactive - virtual,,
VYGPFWKNWQAQ,inactive - virtual,,
SFDRVMNAIEEN,inactive - virtual,,
KWKLFKKIGIGAVLKVLKKG,very active,,
KVRETREILDIIDTVYNS,inactive - virtual,,
YKEPLKAVVKKLLEKE,inactive - virtual,,
QEWVELMVEAKE,inactive - virtual,,
AKQEKIIIQVALNDITHVVELL,inactive - virtual,,
SLLPTLSAIAEL,inactive - virtual,,
SYKDLFLELYGKIKD,inactive - virtual,,
LREIVENMIKSSLERAIAAY,inactive - virtual,,
DKETMNIHHTK,inactive - virtual,,
TEAKKEELLRKLNILEVF,inactive - virtual,,
MWKWFHNVLSSWQLLADKRPARDYNRK,inactive - exp,,
NKLVDRWLHVRKHLLVAYYNLVG,inactive - virtual,,
GLLDIAGGNAETLAGHAV,inactive - virtual,,
NPRWIGRHKHMFNFLD,inactive - virtual,,
KWKSFAKTFKSAKKTVLHTALKAISS,mod. active,,
NTEKLLKTVPIIQNQMDALLD,inactive - virtual,,
NPMIIEGQIHGGLTEGYAVAMG,inactive - virtual,,
VEAIEALLKGN,inactive - virtual,,
GIGKFLHAAKKFAKAFVAEIMNS,mod. active,,
SNEQRQDIAFAYQRRTK,inactive - virtual,,
DGGGFVISKHPVRLAKKLNR,inactive - virtual,,
KLAKKLAKLAKLAKAL,mod. active,,
DNTYLNTAESLYDEF,inactive - virtual,,
KVAEFERLFRQAAG,inactive - virtual,,
MEALKKQILQI,inactive - virtual,,
HSDWISNANKVRVIYWQMT,inactive - virtual,,
SEEVLAMVSRKM,inactive - virtual,,
TSFDEYVAELDSK,inactive - virtual,,
RVIEGIKNVIPKLLTWWP,inactive - virtual,,
DQNGEIYMWPVAQA,inactive - virtual,,
KIPDDLQADFNKFR,inactive - virtual,,
FAKKLAKKLKKLAKKLAKLALALKALALKAL,mod. active,,
NQPFALEMIKSRQKKD,inactive - virtual,,
FLKWLFKWAKK,mod. active,,
TAESFYNQGIRLSFEQWG,inactive - virtual,,
TAHEAVLDFLTGRVEVFT,inactive - virtual,,
KVRETREILDIIDTVYNS,inactive - virtual,,
YLSESVETIKKLGDHITSLKKLW,inactive - virtual,,
FALLKL,inactive - exp,,
RHSDNINKFLDFIHGI,inactive - virtual,,
NKRAVDWAMRAAMAL,inactive - virtual,,
MVFKQMEQVAQFLKAAEDY,inactive - virtual,,
SPKEAYAYLEKLRSIIQYTG,inactive - virtual,,
FLGALFKALSKLL,very active,,
FKLAFKLAKKAFL,inactive - exp,,
GGKEALAIENFADAL,inactive - virtual,,
EWQTMVAALQA,inactive - virtual,,
SGPAYVFYLLDALQNAAIRQ,inactive - virtual,,
EDDSKLASRKYARIIQKI,inactive - virtual,,
ARDEAEMEYLKIAQ,inactive - virtual,,
AEAHESIRLVFHDS,inactive - virtual,,
QMSFWGATVITGLFG,inactive - virtual,,
KGQEYINNIHL,inactive - virtual,,
KHFDFLAEFNAKAND,inactive - virtual,,
TYYAKDIAFQFWKM,inactive - virtual,,
RILKNFDSWWGKVIVIL,inactive - virtual,,
EVKRRFPTKLGAWALIWWLL,inactive - virtual,,
DGALKRAEELKTQANDYFK,inactive - virtual,,
YAKGALQYLVPILTQTLT,inactive - virtual,,
NREANLQALIATG,inactive - virtual,,
SVEKKVPLLHNFHSFL,inactive - virtual,,
TEQNFQLAKQIQSQWKEFG,inactive - virtual,,
SVNSEIYQRVMESFKKEG,inactive - virtual,,
FIAVHEMLDGFRTALIDHLDTMAERAVQ,inactive - virtual,,
KKDVKLILDTILETITEALAK,inactive - virtual,,
RVWRWIVKWWLFV,inactive - virtual,,
EQPSLVRTLDQLEDK,inactive - virtual,,
EEVKKHGTTVLTALGRILKQ,inactive - virtual,,
DWGEAFTAINL,inactive - virtual,,
EPEEVFKSVLKEMEG,inactive - virtual,,
SGARRVRIAQTLTEN,inactive - virtual,,
NPAAEKMQVLQVLDRLRGKLQEKG,inactive - virtual,,
SPEHRQELIER,inactive - virtual,,
VADPVAAFKWRAQ,inactive - virtual,,
FLGMIPKLIKKLIKAFK,very active,,
SISRYKTIEWLNYIATEL,inactive - virtual,,
FLSLIPSLVGGSISAFK,inactive - exp,,
EELHTSLVEEL,inactive - virtual,,
QRAFLKLYMITMTE,inactive - virtual,,
SRDLQEKYERHMEKLIELANKEVERT,inactive - virtual,,
GTTTAVIIAGGLLQQAQGLIN,inactive - virtual,,
YEDKAVELYSRTAR,inactive - virtual,,
NEEVRIEAIIGLSYR,inactive - virtual,,
IAMVNGLMGVLDKLAHLIDE,inactive - virtual,,
KNIKRNVEKIIAQWDERTRK,inactive - virtual,,
SKDLAQTSYFMATNSLHLT,inactive - virtual,,
GFFGWFNRMFEKSTHHYTDSVGGI,inactive - virtual,,
MWKEFHNVLSSGQLLADKRWARWYNRW,mod. active,,
TDAEAKQLAQWILS,inactive - virtual,,
DDETREELEELLIQA,inactive - virtual,,
SRKALTEGNIMAVQAMAYFKELIQKRKRH,inactive - virtual,,
SEAAKAYMKGLEYQMSGNEQWSKT,inactive - virtual,,
GGSSGVLMSIFFTAAGQKLEQ,inactive - virtual,,
THNKLLKNVAFMKSYILEKVKEHQES,inactive - virtual,,
TMEGKFKAVAEDVAQRYMT,inactive - virtual,,
DATAALALTMA,inactive - virtual,,
GLFAVIKKVASVIKGL,mod. active,,
SANNIIEEIQMQK,inactive - virtual,,
TKDEQVEGLLA,inactive - virtual,,
KLDSRFDNNLGKFRFVLLLFV,inactive - virtual,,
FLGWLFKWAWK,mod. active,,
KREIIHAVLTGLALDQLAEQ,inactive - virtual,,
TPEKMGEMAQKFRE,inactive - virtual,,
AMFEQMRANVGKLLKG,inactive - virtual,,
AADIFSKFKKDMEVKFA,inactive - virtual,,
FAKLLAKFLKKAL,inactive - exp,,
ETFADWWKLLAE,mod. active,,
ETNIRVALEKSFL,inactive - virtual,,
GLFAVIKKVASVIKKL,mod. active,,
MYSNRMRSYKQEMGKLETDFKRSRI,inactive - virtual,,
SSAVSRIISKLKQ,inactive - virtual,,
TPAKALKSAIHVAYILKK,inactive - virtual,,
ERVRAAMEKLA,inactive - virtual,,
DPEKVLFLAGNLLARLTE,inactive - virtual,,
NFKDVIETAKKVMNF,inactive - virtual,,
LMEPVREAAGRLADA,inactive - virtual,,
GTLRHAANAAFIMLEAAEL,inactive - virtual,,
APLLNFVRDFVREDAKYLYSSLV,inactive - virtual,,
AFFTIAAVARVLD,inactive - virtual,,
EYKYYKLKLAEMQR,inactive - virtual,,
FAKKLAKKLKKLAKLALAK,inactive - exp,,
KPEEVEQIKLYVMSREYEDYMAR,inactive - virtual,,
PQYSQARVMLVKTISMISIVDDTFDA,inactive - virtual,,
RGFRGWWLASTILLLVAEK,inactive - virtual,,
STATFYDAKKFLIQE,inactive - virtual,,
DVEAVEIMQRIHVLRSQGGFN,inactive - virtual,,
RNEVVSLMQANG,inactive - virtual,,
SVPYFIENLKQHIEMN,inactive - virtual,,
DILREIGMIARALDSISNIEF,inactive - virtual,,
DEQYREGAVRTVASFRERLDR,inactive - virtual,,
RPRIIAAIWHYVKAR,inactive - virtual,,
DIHAAIEMLLG,inactive - virtual,,
EISKLVKKMISSWKDAIN,inactive - virtual,,
FLLSKAKDAKSSAEGAV,inactive - virtual,,
STLVSVAVALAAYKTG,inactive - virtual,,
ESLYESIRRRYEEL,inactive - virtual,,
KVSDILTVAIRLEEEGERFYRELS,inactive - virtual,,
KWKLFKKIGIGAVLKVLTTG,mod. active,,
NGLEVVKALAQG,inactive - virtual,,
KDFETLKVDFLSKLPEMLKMFEDRL,inactive - virtual,,
EHEIQEWYKGFLRD,inactive - virtual,,
RFVPRWRTVVGQFKRDILVIFLW,inactive - virtual,,
YPIVDAAMRQLTETG,inactive - virtual,,
GHNLISLLEVLSG,inactive - virtual,,
FLGALFKALSKLL,mod. active,,
NLSTLAALVAAAG,inactive - virtual,,
DDRVQSHILHLEHDLVHVTRKN,inactive - virtual,,
STEVVALSRLQGSLQDMLWQLDLS,inactive - virtual,,
DEAGLMRELRLFRRRIMVRIAWAQTL,inactive - virtual,,
VALALKALKKALKKLKKALKKAL,inactive - exp,,
WDDIRNDLFRIQNDLFVLGEDVST,inactive - virtual,,
RLFEQASRLAEHY,inactive - virtual,,
PNGPTHAPWLLAHKIQ,inactive - virtual,,
ETNIRVALEKSFL,inactive - virtual,,
DAMLRTSMVATQLVGLAMMRYV,inactive - virtual,,
NIEQLWRDYNKYEEGIN,inactive - virtual,,
GLFAVIKKVASVIGGL,very active,,
YQNIVKAVQYAARKLQ,inactive - virtual,,
SESKLIEQAFR,inactive - virtual,,
FAKIIAKIAKIAKKIL,inactive - exp,,
LSTVSNFFMNA,inactive - virtual,,
GLWSKIKEVGKEAAKAAAKAAGKAALGAVSEAV,mod. active,,
VQEVNRFIKAFEEMKALMKSL,inactive - virtual,,
NAGQANEFFNEFWS,inactive - virtual,,
RYGWRTAVDYSWFG,inactive - virtual,,
EGVAWLEAVLRLLAQ,inactive - virtual,,
GLLDIAGGNAETLAGHAV,inactive - virtual,,
AEHAKVLMDSLTGVWDNFLT,inactive - virtual,,
DARAKKLLDKWAKWING,inactive - virtual,,
LRTYFMERLRHYRQLSL,inactive - virtual,,
PIAFIHKAI,inactive - virtual,,
FAKLWAKLAFGKGIGKVGKKLL,mod. active,,
GKTTAALALARELFG,inactive - virtual,,
IEFRKAFLKIL,inactive - virtual,,
TNDEIFSILKD,inactive - virtual,,
KWKLFKKIPKFLHLAKK,mod. active,,
FFSFELVESINDVKKSLR,inactive - virtual,,
DLVDFAVEYFTRLREARRGLEHHH,inactive - virtual,,
FALALKALKKALKKLKKALKKAL,inactive - exp,,
EEMIAEFKAAFDMF,inactive - virtual,,
AMFEQMRANVGKLLKG,inactive - virtual,,
THAEMLHALKERY,inactive - virtual,,
HQAAMQMLKETINEEAAEWDRLH,inactive - virtual,,
FLKLLKKLAAKLF,mod. active,,
LMGHQKKILGSIQTMRAQLT,inactive - virtual,,
NAGQANEFFNEFWS,inactive - virtual,,
SDIKKLGSSWIINWFFG,inactive - virtual,,
HTFLDDIVGAIAAAAASRLAHSYHD,inactive - virtual,,
DAAALFRLHKFLTKW,inactive - virtual,,
FKSIYRFFEHGLK,inactive - virtual,,
FALALKALKKL,mod. active,,
PQHERDVIYEEES,inactive - virtual,,
KEEGYFYFRSRLSQ,inactive - virtual,,
NFKDVIETAKKVMNF,inactive - virtual,,
KWKLAKKALALL,mod. active,,
KQLTAIAALAE,inactive - virtual,,
GAPLARMEVTLALESLFGRF,inactive - virtual,,
GKTTILYRLQVG,inactive - virtual,,
GKTTFVKRHLTG,inactive - virtual,,
GAQYIQAAGVALGLKMR,inactive - virtual,,
GKTTILYRLQVG,inactive - virtual,,
KLEEKFPQVAAT,inactive - virtual,,
DPQKADAVAVN,inactive - virtual,,
QIPRIAREKIRGLTEYF,inactive - virtual,,
GFKNEVRTPVTKFRIVFFVV,inactive - virtual,,
TPSDIKELRDAMAKVQAD,inactive - virtual,,
NPQVLADIGAEAT,inactive - virtual,,
MRKWFHNVLSSGQLLADKWPAWDYNRK,mod. active,,
RLKSGWRDALKQIVFFFFL,inactive - virtual,,
PEDFANHLFTVFD,inactive - virtual,,
EISEMVRMRERILDSIHLG,inactive - virtual,,
GKTTAALALARELFG,inactive - virtual,,
KWKSFLKTFKSAKKTVLHTALKAISS,mod. active,,
KTKLFKKFAKKLAKKLKKLAKKL,mod. active,,
FLWWLFKWAWK,mod. active,,
GPKKAQLIVGWRELHG,inactive - virtual,,
KDFETLKVDFLSKLPEMLKMFEDRL,inactive - virtual,,
NEQDLGIQYKALKPEVDKLNIMAAKRQQEL,inactive - virtual,,
DAHAWMIGQLKGL,inactive - virtual,,
SSREWFSTLYRLFIG,inactive - virtual,,
TQAQETQGQAAARAAAADLAAG,inactive - virtual,,
KVWKGVKTIIADVWQV,inactive - virtual,,
DVEAVEIMQRIHVLRSQGGFN,inactive - virtual,,
TESMKTVRIREKIKKFL,inactive - virtual,,
AAYATLYEALVLVATLAAP,inactive - virtual,,
PEKEAVTLGIKALKSSL,inactive - virtual,,
FKGKIIKKVISTGAKLI,inactive - virtual,,
YGSIGLTNFGYLDKE,inactive - virtual,,
EEVKKHGTTVLTALGRILKQ,inactive - virtual,,
GLWKSLGAVVKRVEGLWVGLF,inactive - virtual,,
FLGMIPGLIGGLISAFK,very active,,
NAAQLDALAHALLEIPRFSYATR,inactive - virtual,,
IPAAKINWDRDIEYMAGILEN,inactive - virtual,,
HLDLINMMSRLAREELVHHEQVLRLMKRR,inactive - virtual,,
VFWPTMLKAAG,inactive - virtual,,
PQSYAMAIARQESA,inactive - virtual,,
DDADLEKFVIEY,inactive - virtual,,
PQYALELLTVYAWEQGS,inactive - virtual,,
FAKKLAKKLKKLAKLALAL,inactive - exp,,
EGDQQLLKRVLVRKL,inactive - virtual,,
GPKDAVVKVFNQWG,inactive - virtual,,
MPKWKVFKKIEKVGRNIRNGIVKAGPAIAVLGEAKALG,inactive - exp,,
FAKLLAKALKKFAL,mod. active,,
GLFDIVKKIAGHIAGSI,inactive - exp,,
KFLRFILKWFKVIFQ,inactive - virtual,,
KWKSFLKTFKSAKKTVAHTALKAISS,mod. active,,
DSMVVLQQRAYEILMTIME,inactive - virtual,,
DLQLNANAERINVYY,inactive - virtual,,
DLSASRSAIDSLNNRMLSQIWSH,inactive - virtual,,
EAQKIDRLVQSFSGAYFQQN,inactive - virtual,,
FAKLLAKALKKFAL,mod. active,,
WALAL,inactive - exp,,
GEDAILKKVAEEAAETLMASKD,inactive - virtual,,
SESAVSHQLRSLRNL,inactive - virtual,,
IKPLNNFAAEVGKIRDS,inactive - virtual,,
NDEETVALTAGGHT,inactive - virtual,,
DTRAWALAEKLFG,inactive - virtual,,
PSDQQNEMVRE,inactive - virtual,,
FTELQRDFLRN,inactive - virtual,,
KAAKKWAKAWKKAAKAWKKAA,inactive - exp,,
TAHEAVLDFLTGRVEVFT,inactive - virtual,,
FAKLLAKLAKKSL,inactive - exp,,
DATLISELQQM,inactive - virtual,,
SVPYFIENLKQHIEMN,inactive - virtual,,
NASRTVGVVAALL,inactive - virtual,,
SEREAVEIIKKN,inactive - virtual,,
KEIAEKMVEGRMKKFTGEV,inactive - virtual,,
PAERYYRDARIT,inactive - virtual,,
QINEMHLLIQQAR,inactive - virtual,,
KAAKKAWKWAKKAAKWAKKAA,mod. active,,
KWKLFKKALKKLKKALKKAL,very active,,
KFLRFILKWFKVIFQ,inactive - virtual,,
SQESINQLVYMG,inactive - virtual,,
FTRIIKAAG,inactive - virtual,,
KYKKALKKLAKLL,inactive - exp,,
NAAQLDALAHALLEIPRFSYATR,inactive - virtual,,
SVADHSYRVAFITLLLAEELKKK,inactive - virtual,,
TEQDIIDLKFAIAD,inactive - virtual,,
EVNRNFGERINDLRILILLL,inactive - virtual,,
KWEAEKIHIGFRQAY,inactive - virtual,,
DRAVIEHNLLSASKL,inactive - virtual,,
KWKFKKIPKFLHLAKKF,mod. active,,
EKVQYLTRSAIRR,inactive - virtual,,
NLVADMRFNVVRESEARLQVSRLYS,inactive - virtual,,
KWKLFKKIKFLHSAKKF,inactive - exp,,
AGEMVRQARILAQATSDLVNAIKADA,inactive - virtual,,
ALGKVIKKWGTTVAKLA,inactive - virtual,,
TTDEINAMDKALILYT,inactive - virtual,,
FAKLLAKLAKKAL,mod. active,,
PSFFRLHKYMDNIFKKHTD,inactive - virtual,,
LQMEFKYLAYLTG,inactive - virtual,,
KWKSFLKTFKSLKKTVLHTLLKAISS,mod. active,,
NVGKAWAEDVLALVKH,inactive - virtual,,
PSSQIVGTQAVFNVMMG,inactive - virtual,,
KDAENHKAYLKSH,inactive - virtual,,
NGETFLTELLD,inactive - virtual,,
EMNYYTVLFGVSRALGVLAQLIWSRAL,inactive - virtual,,
LEEFDKVSKNVD,inactive - virtual,,
IASEFKNIATNS,inactive - virtual,,
AGEMVRQARILAQATSDLVNAIKADA,inactive - virtual,,
GLFDVIKKVAAVIGGL,mod. active,,
SGPAYVFYLLDALQNAAIRQ,inactive - virtual,,
TTGNFEKLFVALVEYMRAS,inactive - virtual,,
YDDIIEAAGELG,inactive - virtual,,
KKTAERLIVEMKDRFKG,inactive - virtual,,
VEAIEALLKGN,inactive - virtual,,
RVNAAIPNIIV,inactive - virtual,,
TSAQTKVVVDA,inactive - virtual,,
REGFLSPLKAYLI,inactive - virtual,,
FALALKALKK,inactive - exp,,
AEHLAKAELTTVFSTLYQKF,inactive - virtual,,
HHKAYVDGANTALDKLAEARDK,inactive - virtual,,
FAKLLAKAFKKAL,inactive - exp,,
